,category,min,max,mean,std
0,A,10,13,11.5,1.2909944487358056
1,B,14,18,15.666666666666666,2.0816659994661326
2,C,25,30,27.666666666666668,2.516611478423583
